<elements>
  <namespace ns="">
    <summary>To be added.</summary>
    <remarks>To be added.</remarks>
  </namespace>
  <namespace ns="Atk">
    <summary>
      The Accessibility Toolkit.
    </summary>
    <remarks>
      <para>
	The Atk library provides a set of interfaces for
	accessibility. By supporting the Atk interfaces, an application
	or toolkit can be used such as tools such as screen readers,
	magnifiers, and alternative input devices.
      </para>
    </remarks>
  </namespace>
  <namespace ns="Glib">
    <summary>
      General-purpose utilities.
    </summary>
    <remarks>
      <para>
        GLib is a general-purpose utility library, which provides many useful data types, type conversions, string utilities, file utilities and so on.
      </para>
    </remarks>
  </namespace>
  <namespace ns="Gdk">
    <summary>An intermediate layer which isolates Gtk from the details of the windowing system.</summary>
    <remarks></remarks>
  </namespace>
  <namespace ns="Gtk.DotNet">
    <summary>Extension to the Gtk Widget set for .Net interoperability.</summary>
    <remarks>
      <para>
	The functionality provided in this namespace is aimed at utilizing
	the power of the non-ECMA portions of .Net like System.Drawing and 
	System.Data for the development of Gtk applications. This namespace
	is provided by the gtk-dotnet assembly.
      </para>
    </remarks>
  </namespace>
  <namespace ns="Gdk">
    <summary>The Gtk Widget set.</summary>
    <remarks>
      <para>
	Gtk is a library for creating graphical user interfaces. It
	works on many UNIX-like platforms, Windows, and on framebuffer
	devices.  Gtk is released under the GNU Library General Public
	License (GNU LGPL), which allows for flexible licensing of
	client applications.
      </para>
    </remarks>
  </namespace>
  <namespace ns="Pango">
    <summary>
       Pango provides advanced font and text handling that is used for Gdk and Gtk.
    </summary>
    <remarks>
      <para>
	 Pango project provides a framework for the layout and
	 rendering of internationalized text.  Pango uses Unicode for
	 all of its encoding, and will eventually support output in
	 all the worlds major languages.
      </para>
    </remarks>
  </namespace>
</elements>